<rdf:RDF xmlns:rdf="http://www.w3.org/1999/02/22-rdf-syntax-ns#">
  <rr:TriplesMap xmlns:rr="http://www.w3.org/ns/r2rml#" rdf:about="http://example.com/ns#TriplesMapAirportHeliport">
    <rml:logicalSource xmlns:rml="http://semweb.mmlab.be/ns/rml#" rdf:parseType="Resource">
      <rml:source>airport-heliport.xml</rml:source>
      <rml:referenceFormulation rdf:resource="http://semweb.mmlab.be/ns/ql#XPath"/>
      <rml:iterator>/AIXMBasicMessage//AirportHeliport//AirportHeliportTimeSlice</rml:iterator>
    </rml:logicalSource>
    <rr:subjectMap rdf:parseType="Resource">
      <rr:template>http://example.org/AirportHeliport/{@id}</rr:template>
    </rr:subjectMap>
    <rr:predicateObjectMap rdf:parseType="Resource">
      <rr:predicate rdf:resource="http://www.w3.org/1999/02/22-rdf-syntax-ns#type"/>
      <rr:objectMap rdf:parseType="Resource">
        <rr:constant rdf:resource="http://www.aixm.aero/schema/5.1.1/AirportHeliport"/>
      </rr:objectMap>
    </rr:predicateObjectMap>
    <rr:predicateObjectMap rdf:parseType="Resource">
      <rr:predicate rdf:resource="http://www.aixm.aero/schema/5.1.1/designator"/>
      <rr:objectMap rdf:parseType="Resource">
        <rml:reference xmlns:rml="http://semweb.mmlab.be/ns/rml#">designator</rml:reference>
      </rr:objectMap>
    </rr:predicateObjectMap>
    <rr:predicateObjectMap rdf:parseType="Resource">
      <rr:predicate rdf:resource="http://www.aixm.aero/schema/5.1.1/name"/>
      <rr:objectMap rdf:parseType="Resource">
        <rml:reference xmlns:rml="http://semweb.mmlab.be/ns/rml#">name</rml:reference>
      </rr:objectMap>
    </rr:predicateObjectMap>
    <rr:predicateObjectMap rdf:parseType="Resource">
      <rr:predicate rdf:resource="http://www.aixm.aero/schema/5.1.1/locationIndicatorICAO"/>
      <rr:objectMap rdf:parseType="Resource">
        <rml:reference xmlns:rml="http://semweb.mmlab.be/ns/rml#">locationIndicatorICAO</rml:reference>
      </rr:objectMap>
    </rr:predicateObjectMap>
    <rr:predicateObjectMap rdf:parseType="Resource">
      <rr:predicate rdf:resource="http://www.aixm.aero/schema/5.1.1/designatorIATA"/>
      <rr:objectMap rdf:parseType="Resource">
        <rml:reference xmlns:rml="http://semweb.mmlab.be/ns/rml#">designatorIATA</rml:reference>
      </rr:objectMap>
    </rr:predicateObjectMap>
    <rr:predicateObjectMap rdf:parseType="Resource">
      <rr:predicate rdf:resource="http://www.aixm.aero/schema/5.1.1/certifiedICAO"/>
      <rr:objectMap rdf:parseType="Resource">
        <rml:reference xmlns:rml="http://semweb.mmlab.be/ns/rml#">certifiedICAO</rml:reference>
      </rr:objectMap>
    </rr:predicateObjectMap>
    <rr:predicateObjectMap rdf:parseType="Resource">
      <rr:predicate rdf:resource="http://www.aixm.aero/schema/5.1.1/controlType"/>
      <rr:objectMap rdf:parseType="Resource">
        <rml:reference xmlns:rml="http://semweb.mmlab.be/ns/rml#">controlType</rml:reference>
      </rr:objectMap>
    </rr:predicateObjectMap>
    <rr:predicateObjectMap rdf:parseType="Resource">
      <rr:predicate rdf:resource="http://www.aixm.aero/schema/5.1.1/fieldElevation"/>
      <rr:objectMap rdf:parseType="Resource">
        <rml:reference xmlns:rml="http://semweb.mmlab.be/ns/rml#">fieldElevation</rml:reference>
      </rr:objectMap>
    </rr:predicateObjectMap>
    <rr:predicateObjectMap rdf:parseType="Resource">
      <rr:predicate rdf:resource="http://www.aixm.aero/schema/5.1.1/fieldElevationAccuracy"/>
      <rr:objectMap rdf:parseType="Resource">
        <rml:reference xmlns:rml="http://semweb.mmlab.be/ns/rml#">fieldElevationAccuracy</rml:reference>
      </rr:objectMap>
    </rr:predicateObjectMap>
    <rr:predicateObjectMap rdf:parseType="Resource">
      <rr:predicate rdf:resource="http://www.aixm.aero/schema/5.1.1/magneticVariation"/>
      <rr:objectMap rdf:parseType="Resource">
        <rml:reference xmlns:rml="http://semweb.mmlab.be/ns/rml#">magneticVariation</rml:reference>
      </rr:objectMap>
    </rr:predicateObjectMap>
    <rr:predicateObjectMap rdf:parseType="Resource">
      <rr:predicate rdf:resource="http://www.aixm.aero/schema/5.1.1/magneticVariationAccuracy"/>
      <rr:objectMap rdf:parseType="Resource">
        <rml:reference xmlns:rml="http://semweb.mmlab.be/ns/rml#">magneticVariationAccuracy</rml:reference>
      </rr:objectMap>
    </rr:predicateObjectMap>
    <rr:predicateObjectMap rdf:parseType="Resource">
      <rr:predicate rdf:resource="http://www.aixm.aero/schema/5.1.1/dateMagneticVariation"/>
      <rr:objectMap rdf:parseType="Resource">
        <rml:reference xmlns:rml="http://semweb.mmlab.be/ns/rml#">dateMagneticVariation</rml:reference>
      </rr:objectMap>
    </rr:predicateObjectMap>
    <rr:predicateObjectMap rdf:parseType="Resource">
      <rr:predicate rdf:resource="http://www.aixm.aero/schema/5.1.1/magneticVariationChange"/>
      <rr:objectMap rdf:parseType="Resource">
        <rml:reference xmlns:rml="http://semweb.mmlab.be/ns/rml#">magneticVariationChange</rml:reference>
      </rr:objectMap>
    </rr:predicateObjectMap>
    <rr:predicateObjectMap rdf:parseType="Resource">
      <rr:predicate rdf:resource="http://www.aixm.aero/schema/5.1.1/referenceTemperature"/>
      <rr:objectMap rdf:parseType="Resource">
        <rml:reference xmlns:rml="http://semweb.mmlab.be/ns/rml#">referenceTemperature</rml:reference>
      </rr:objectMap>
    </rr:predicateObjectMap>
    <rr:predicateObjectMap rdf:parseType="Resource">
      <rr:predicate rdf:resource="http://www.aixm.aero/schema/5.1.1/transitionAltitude"/>
      <rr:objectMap rdf:parseType="Resource">
        <rml:reference xmlns:rml="http://semweb.mmlab.be/ns/rml#">transitionAltitude</rml:reference>
      </rr:objectMap>
    </rr:predicateObjectMap>
    <rr:predicateObjectMap rdf:parseType="Resource">
      <rr:predicate rdf:resource="http://www.aixm.aero/schema/5.1.1/certificationDate"/>
      <rr:objectMap rdf:parseType="Resource">
        <rml:reference xmlns:rml="http://semweb.mmlab.be/ns/rml#">certificationDate</rml:reference>
      </rr:objectMap>
    </rr:predicateObjectMap>
    <rr:predicateObjectMap rdf:parseType="Resource">
      <rr:predicate rdf:resource="http://www.aixm.aero/schema/5.1.1/certificationExpirationDate"/>
      <rr:objectMap rdf:parseType="Resource">
        <rml:reference xmlns:rml="http://semweb.mmlab.be/ns/rml#">certificationExpirationDate</rml:reference>
      </rr:objectMap>
    </rr:predicateObjectMap>
    <rr:predicateObjectMap rdf:parseType="Resource">
      <rr:predicate rdf:resource="http://www.aixm.aero/schema/5.1.1/servedCity"/>
      <rr:objectMap rdf:parseType="Resource">
        <rr:parentTriplesMap>
          <rdf:Description rdf:about="http://example.com/ns#TriplesMapCity-ID_110">
            <rml:logicalSource xmlns:rml="http://semweb.mmlab.be/ns/rml#" rdf:parseType="Resource">
              <rml:iterator>/AIXMBasicMessage//AirportHeliport//AirportHeliportTimeSlice//City</rml:iterator>
              <rml:referenceFormulation rdf:resource="http://semweb.mmlab.be/ns/ql#XPath"/>
              <rml:source>airport-heliport.xml</rml:source>
            </rml:logicalSource>
            <rr:subjectMap rdf:parseType="Resource">
              <rr:template>http://example.org/AirportHeliport/City/{@id}</rr:template>
            </rr:subjectMap>
            <rr:predicateObjectMap rdf:parseType="Resource">
              <rr:predicate rdf:resource="http://www.aixm.aero/schema/5.1.1/cityName"/>
              <rr:objectMap rdf:parseType="Resource">
                <rml:reference xmlns:rml="http://semweb.mmlab.be/ns/rml#">cityName</rml:reference>
              </rr:objectMap>
            </rr:predicateObjectMap>
          </rdf:Description>
        </rr:parentTriplesMap>
        <rr:joinCondition rdf:parseType="Resource">
          <rr:parent>@id</rr:parent>
          <rr:child>servedCity/City/@id</rr:child>
        </rr:joinCondition>
      </rr:objectMap>
    </rr:predicateObjectMap>
    <rr:predicateObjectMap rdf:parseType="Resource">
      <rr:predicate rdf:resource="http://www.aixm.aero/schema/5.1.1/responsibleOrganisation"/>
      <rr:objectMap rdf:parseType="Resource">
        <rr:parentTriplesMap>
          <rdf:Description rdf:about="http://example.com/ns#TriplesMapAirportHeliportResponsibilityOrganisation-A-a72cfd3a">
            <rml:logicalSource xmlns:rml="http://semweb.mmlab.be/ns/rml#" rdf:parseType="Resource">
              <rml:iterator>/AIXMBasicMessage//AirportHeliport//AirportHeliportTimeSlice//AirportHeliportResponsibilityOrganisation</rml:iterator>
              <rml:referenceFormulation rdf:resource="http://semweb.mmlab.be/ns/ql#XPath"/>
              <rml:source>airport-heliport.xml</rml:source>
            </rml:logicalSource>
            <rr:subjectMap rdf:parseType="Resource">
              <rr:template>http://example.org/AirportHeliport/AirportHeliportResponsibilityOrganisation/{@id}</rr:template>
            </rr:subjectMap>
            <rr:predicateObjectMap rdf:parseType="Resource">
              <rr:predicate rdf:resource="http://www.aixm.aero/schema/5.1.1/role"/>
              <rr:objectMap rdf:parseType="Resource">
                <rml:reference xmlns:rml="http://semweb.mmlab.be/ns/rml#">role</rml:reference>
              </rr:objectMap>
            </rr:predicateObjectMap>
            <rr:predicateObjectMap rdf:parseType="Resource">
              <rr:predicate rdf:resource="http://www.aixm.aero/schema/5.1.1/theOrganisationAuthority"/>
              <rr:objectMap rdf:parseType="Resource">
                <rml:reference xmlns:rml="http://semweb.mmlab.be/ns/rml#">theOrganisationAuthority</rml:reference>
              </rr:objectMap>
            </rr:predicateObjectMap>
          </rdf:Description>
        </rr:parentTriplesMap>
        <rr:joinCondition rdf:parseType="Resource">
          <rr:parent>@id</rr:parent>
          <rr:child>responsibleOrganisation/AirportHeliportResponsibilityOrganisation/@id</rr:child>
        </rr:joinCondition>
      </rr:objectMap>
    </rr:predicateObjectMap>
    <rr:predicateObjectMap rdf:parseType="Resource">
      <rr:predicate rdf:resource="http://www.aixm.aero/schema/5.1.1/ARP"/>
      <rr:objectMap rdf:parseType="Resource">
        <rr:parentTriplesMap>
          <rdf:Description rdf:about="http://example.com/ns#TriplesMapElevatedPoint-elpoint1EADH">
            <rml:logicalSource xmlns:rml="http://semweb.mmlab.be/ns/rml#" rdf:parseType="Resource">
              <rml:iterator>/AIXMBasicMessage//AirportHeliport//AirportHeliportTimeSlice//ElevatedPoint</rml:iterator>
              <rml:referenceFormulation rdf:resource="http://semweb.mmlab.be/ns/ql#XPath"/>
              <rml:source>airport-heliport.xml</rml:source>
            </rml:logicalSource>
            <rr:subjectMap rdf:parseType="Resource">
              <rr:template>http://example.org/AirportHeliport/ElevatedPoint/{@id}</rr:template>
            </rr:subjectMap>
            <rr:predicateObjectMap rdf:parseType="Resource">
              <rr:predicate rdf:resource="http://www.aixm.aero/schema/5.1.1/pos"/>
              <rr:objectMap rdf:parseType="Resource">
                <rml:reference xmlns:rml="http://semweb.mmlab.be/ns/rml#">pos</rml:reference>
              </rr:objectMap>
            </rr:predicateObjectMap>
          </rdf:Description>
        </rr:parentTriplesMap>
        <rr:joinCondition rdf:parseType="Resource">
          <rr:parent>@id</rr:parent>
          <rr:child>ARP/ElevatedPoint/@id</rr:child>
        </rr:joinCondition>
      </rr:objectMap>
    </rr:predicateObjectMap>
    <rr:predicateObjectMap rdf:parseType="Resource">
      <rr:predicate rdf:resource="http://www.aixm.aero/schema/5.1.1/flight"/>
      <rr:objectMap rdf:parseType="Resource">
        <rr:parentTriplesMap>
          <rdf:Description rdf:about="http://example.com/ns#TriplesMapFlightCharacteristic-F_yastadyt">
            <rml:logicalSource xmlns:rml="http://semweb.mmlab.be/ns/rml#" rdf:parseType="Resource">
              <rml:iterator>/AIXMBasicMessage//AirportHeliport//AirportHeliportTimeSlice//FlightCharacteristic</rml:iterator>
              <rml:referenceFormulation rdf:resource="http://semweb.mmlab.be/ns/ql#XPath"/>
              <rml:source>airport-heliport.xml</rml:source>
            </rml:logicalSource>
            <rr:subjectMap rdf:parseType="Resource">
              <rr:template>http://example.org/AirportHeliport/FlightCharacteristic/{@id}</rr:template>
            </rr:subjectMap>
            <rr:predicateObjectMap rdf:parseType="Resource">
              <rr:predicate rdf:resource="http://www.aixm.aero/schema/5.1.1/rule"/>
              <rr:objectMap rdf:parseType="Resource">
                <rml:reference xmlns:rml="http://semweb.mmlab.be/ns/rml#">rule</rml:reference>
              </rr:objectMap>
            </rr:predicateObjectMap>
          </rdf:Description>
        </rr:parentTriplesMap>
        <rr:joinCondition rdf:parseType="Resource">
          <rr:parent>@id</rr:parent>
          <rr:child>flight/FlightCharacteristic/@id</rr:child>
        </rr:joinCondition>
      </rr:objectMap>
    </rr:predicateObjectMap>
    <rr:predicateObjectMap rdf:parseType="Resource">
      <rr:predicate rdf:resource="http://www.aixm.aero/schema/5.1.1/translatedNote"/>
      <rr:objectMap rdf:parseType="Resource">
        <rr:parentTriplesMap>
          <rdf:Description rdf:about="http://example.com/ns#TriplesMapLinguisticNote-ln002">
            <rml:logicalSource xmlns:rml="http://semweb.mmlab.be/ns/rml#" rdf:parseType="Resource">
              <rml:iterator>/AIXMBasicMessage//AirportHeliport//AirportHeliportTimeSlice//LinguisticNote</rml:iterator>
              <rml:referenceFormulation rdf:resource="http://semweb.mmlab.be/ns/ql#XPath"/>
              <rml:source>airport-heliport.xml</rml:source>
            </rml:logicalSource>
            <rr:subjectMap rdf:parseType="Resource">
              <rr:template>http://example.org/AirportHeliport/LinguisticNote/{@id}</rr:template>
            </rr:subjectMap>
            <rr:predicateObjectMap rdf:parseType="Resource">
              <rr:predicate rdf:resource="http://www.aixm.aero/schema/5.1.1/note"/>
              <rr:objectMap rdf:parseType="Resource">
                <rml:reference xmlns:rml="http://semweb.mmlab.be/ns/rml#">note</rml:reference>
              </rr:objectMap>
            </rr:predicateObjectMap>
          </rdf:Description>
        </rr:parentTriplesMap>
        <rr:joinCondition rdf:parseType="Resource">
          <rr:parent>@id</rr:parent>
          <rr:child>translatedNote/LinguisticNote/@id</rr:child>
        </rr:joinCondition>
      </rr:objectMap>
    </rr:predicateObjectMap>
    <rr:predicateObjectMap rdf:parseType="Resource">
      <rr:predicate rdf:resource="http://www.aixm.aero/schema/5.1.1/translatedNote"/>
      <rr:objectMap rdf:parseType="Resource">
        <rr:parentTriplesMap>
          <rdf:Description rdf:about="http://example.com/ns#TriplesMapLinguisticNote-ln003">
            <rml:logicalSource xmlns:rml="http://semweb.mmlab.be/ns/rml#" rdf:parseType="Resource">
              <rml:iterator>/AIXMBasicMessage//AirportHeliport//AirportHeliportTimeSlice//LinguisticNote</rml:iterator>
              <rml:referenceFormulation rdf:resource="http://semweb.mmlab.be/ns/ql#XPath"/>
              <rml:source>airport-heliport.xml</rml:source>
            </rml:logicalSource>
            <rr:subjectMap rdf:parseType="Resource">
              <rr:template>http://example.org/AirportHeliport/LinguisticNote/{@id}</rr:template>
            </rr:subjectMap>
            <rr:predicateObjectMap rdf:parseType="Resource">
              <rr:predicate rdf:resource="http://www.aixm.aero/schema/5.1.1/note"/>
              <rr:objectMap rdf:parseType="Resource">
                <rml:reference xmlns:rml="http://semweb.mmlab.be/ns/rml#">note</rml:reference>
              </rr:objectMap>
            </rr:predicateObjectMap>
          </rdf:Description>
        </rr:parentTriplesMap>
        <rr:joinCondition rdf:parseType="Resource">
          <rr:parent>@id</rr:parent>
          <rr:child>translatedNote/LinguisticNote/@id</rr:child>
        </rr:joinCondition>
      </rr:objectMap>
    </rr:predicateObjectMap>
  </rr:TriplesMap>
</rdf:RDF>